{"cameraMode":{"drawMode":0,"name":"Shaded","section":"Shading Mode"},"sceneLighting":true,"audioPlay":false,"sceneViewState":{"showFog":true,"showMaterialUpdate":false,"showSkybox":true,"showFlares":true,"showImageEffects":true,"showParticleSystems":true},"in2DMode":false,"pivot":{"x":10.030611038208008,"y":2.184711456298828,"z":-15.128165245056153},"rotation":{"x":-0.08177033066749573,"y":0.5794066190719605,"z":-0.05867534503340721,"w":-0.808880090713501},"size":8.431276321411133,"orthographic":false}