{"cameraMode":{"drawMode":0,"name":"Shaded","section":"Shading Mode"},"sceneLighting":true,"audioPlay":false,"sceneViewState":{"showFog":true,"showMaterialUpdate":false,"showSkybox":true,"showFlares":true,"showImageEffects":true,"showParticleSystems":true},"in2DMode":false,"pivot":{"x":63.90303421020508,"y":52.8513298034668,"z":-81.0633544921875},"rotation":{"x":0.26461032032966616,"y":-0.301478773355484,"z":0.08720608800649643,"w":0.9120001792907715},"size":1.014061689376831,"orthographic":false}