{"cameraMode":{"drawMode":0,"name":"Shaded","section":"Shading Mode"},"sceneLighting":true,"audioPlay":false,"sceneViewState":{"showFog":true,"showMaterialUpdate":false,"showSkybox":true,"showFlares":true,"showImageEffects":true,"showParticleSystems":true},"in2DMode":false,"pivot":{"x":6.320499420166016,"y":0.13341712951660157,"z":1.8359146118164063},"rotation":{"x":0.2958246171474457,"y":-0.014120044186711312,"z":0.004071261268109083,"w":0.9552596807479858},"size":34.59349822998047,"orthographic":false}