{"cameraMode":{"drawMode":0,"name":"Shaded","section":"Shading Mode"},"sceneLighting":true,"audioPlay":false,"sceneViewState":{"showFog":true,"showMaterialUpdate":false,"showSkybox":true,"showFlares":true,"showImageEffects":true,"showParticleSystems":true},"in2DMode":false,"pivot":{"x":109.17543029785156,"y":-47.450286865234378,"z":26.76887321472168},"rotation":{"x":-0.22967314720153809,"y":-0.5978949666023254,"z":0.18416233360767365,"w":-0.745588481426239},"size":137.36972045898438,"orthographic":false}