{"cameraMode":{"drawMode":0,"name":"Shaded","section":"Shading Mode"},"sceneLighting":true,"audioPlay":false,"sceneViewState":{"showFog":true,"showMaterialUpdate":false,"showSkybox":true,"showFlares":true,"showImageEffects":true,"showParticleSystems":true},"in2DMode":false,"pivot":{"x":328.5283203125,"y":282.86541748046877,"z":0.0},"rotation":{"x":0.02881009131669998,"y":-0.007193452678620815,"z":-0.000057880653912434354,"w":0.9996907711029053},"size":780.117431640625,"orthographic":false}