{"cameraMode":{"drawMode":0,"name":"Shaded","section":"Shading Mode"},"sceneLighting":false,"audioPlay":false,"sceneViewState":{"showFog":true,"showMaterialUpdate":false,"showSkybox":false,"showFlares":true,"showImageEffects":true,"showParticleSystems":true},"in2DMode":false,"pivot":{"x":9.09365177154541,"y":2.190516948699951,"z":-1.3293523788452149},"rotation":{"x":0.0770125463604927,"y":0.1729000210762024,"z":-0.013801160268485546,"w":0.9819534420967102},"size":14.245783805847168,"orthographic":false}