{"cameraMode":{"drawMode":0,"name":"Shaded","section":"Shading Mode"},"sceneLighting":true,"audioPlay":false,"sceneViewState":{"showFog":true,"showMaterialUpdate":false,"showSkybox":true,"showFlares":true,"showImageEffects":true,"showParticleSystems":true},"in2DMode":false,"pivot":{"x":13.127399444580079,"y":1.3424458503723145,"z":-13.317102432250977},"rotation":{"x":-0.059669435024261478,"y":0.9212061762809753,"z":-0.15652868151664735,"w":-0.35116779804229739},"size":10.0,"orthographic":false}