{"cameraMode":{"drawMode":0,"name":"Shaded","section":"Shading Mode"},"sceneLighting":true,"audioPlay":false,"sceneViewState":{"showFog":true,"showMaterialUpdate":false,"showSkybox":true,"showFlares":true,"showImageEffects":true,"showParticleSystems":true},"in2DMode":false,"pivot":{"x":25.135032653808595,"y":2.576293706893921,"z":-20.35983657836914},"rotation":{"x":-0.03412802889943123,"y":0.06773846596479416,"z":0.0020532491616904737,"w":0.997249186038971},"size":11.431544303894043,"orthographic":false}