{"cameraMode":{"drawMode":0,"name":"Shaded","section":"Shading Mode"},"sceneLighting":true,"audioPlay":false,"sceneViewState":{"showFog":true,"showMaterialUpdate":false,"showSkybox":true,"showFlares":true,"showImageEffects":true,"showParticleSystems":true},"in2DMode":false,"pivot":{"x":2.491985321044922,"y":0.09053277969360352,"z":-14.163030624389649},"rotation":{"x":-0.09171087294816971,"y":0.629057765007019,"z":-0.07509105652570725,"w":-0.768271267414093},"size":15.496002197265625,"orthographic":false}