{"cameraMode":{"drawMode":0,"name":"Shaded","section":"Shading Mode"},"sceneLighting":true,"audioPlay":false,"sceneViewState":{"showFog":true,"showMaterialUpdate":false,"showSkybox":true,"showFlares":true,"showImageEffects":true,"showParticleSystems":true},"in2DMode":false,"pivot":{"x":38.99312210083008,"y":-50.73725128173828,"z":78.17874145507813},"rotation":{"x":-0.2943481504917145,"y":-0.01662568375468254,"z":0.005132273305207491,"w":-0.9555732607841492},"size":145.41470336914063,"orthographic":false}