{"cameraMode":{"drawMode":0,"name":"Shaded","section":"Shading Mode"},"sceneLighting":true,"audioPlay":false,"sceneViewState":{"showFog":true,"showMaterialUpdate":false,"showSkybox":true,"showFlares":true,"showImageEffects":true,"showParticleSystems":true},"in2DMode":false,"pivot":{"x":790.3500366210938,"y":492.60003662109377,"z":0.0},"rotation":{"x":0.18524481356143952,"y":0.002961918944492936,"z":-0.0004840262117795646,"w":0.982761561870575},"size":587.6322631835938,"orthographic":false}