{"cameraMode":{"drawMode":0,"name":"Shaded","section":"Shading Mode"},"sceneLighting":false,"audioPlay":false,"sceneViewState":{"showFog":true,"showMaterialUpdate":false,"showSkybox":false,"showFlares":true,"showImageEffects":true,"showParticleSystems":true},"in2DMode":false,"pivot":{"x":0.4187343716621399,"y":-0.045574575662612918,"z":1.3125},"rotation":{"x":-0.1960614025592804,"y":0.7384598255157471,"z":-0.24210616946220399,"w":-0.5980182886123657},"size":2.0566837787628176,"orthographic":false}