{"cameraMode":{"drawMode":0,"name":"Shaded","section":"Shading Mode"},"sceneLighting":true,"audioPlay":false,"sceneViewState":{"m_AlwaysRefresh":false,"showFog":true,"showSkybox":true,"showFlares":true,"showImageEffects":true,"showParticleSystems":true,"showVisualEffectGraphs":true,"m_FxEnabled":true},"in2DMode":false,"pivot":{"x":201.41424560546876,"y":140.75250244140626,"z":-152.87808227539063},"rotation":{"x":-0.019158141687512399,"y":0.31060490012168887,"z":0.006261288654059172,"w":0.9503282904624939},"size":98.94583892822266,"orthographic":false}