{"cameraMode":{"drawMode":0,"name":"Shaded","section":"Shading Mode"},"sceneLighting":true,"audioPlay":false,"sceneViewState":{"m_AlwaysRefresh":false,"showFog":true,"showSkybox":true,"showFlares":true,"showImageEffects":true,"showParticleSystems":true,"showVisualEffectGraphs":true,"m_FxEnabled":true},"in2DMode":false,"pivot":{"x":3.0124571323394777,"y":0.24874025583267213,"z":-0.10743296146392822},"rotation":{"x":-0.1942221224308014,"y":0.4640732407569885,"z":0.10507136583328247,"w":0.8578317165374756},"size":1.679082989692688,"orthographic":false}